Test,Time
Read timed out!
1,0.038882808
2,0.049909490
3,0.029789612
4,0.059862640
5,0.018862803
6,0.059883593
7,0.019867051
8,0.019884093
9,0.058849103
10,0.009872205
11,0.029803232
12,0.028916666
13,0.039853252
14,0.018957718
15,0.029903803
16,0.019855388
17,0.059876538
18,0.009876186
19,0.049889166
20,0.027527104
21,0.039905354
22,0.019898201
23,0.059986469
24,0.009891900
25,0.059864386
26,0.048884359
27,0.039909195
28,0.049860181
29,0.029949689
30,0.058864609
31,0.029880266
32,0.009887431
33,0.029939003
34,0.049921712
35,0.029962330
36,0.049858715
37,0.019876899
38,0.049900480
39,0.029927270
40,0.049895590
41,0.009880866
42,0.019864397
43,0.019940175
44,0.029875098
45,0.019977680
46,0.069893245
47,0.048859146
48,0.039903468
49,0.018931039
50,0.029893815
51,0.039878675
52,0.029895841
53,0.029918050
54,0.019856575
55,0.029927829
56,0.048861172
57,0.009951266
58,0.048878632
59,0.049844607
60,0.049894194
61,0.039877626
62,0.019891426
63,0.038850681
64,0.059887504
65,0.049917451
66,0.018890740
67,0.019906722
68,0.059849860
69,0.049871146
70,0.058902811
71,0.049906905
72,0.009919558
73,0.019888702
74,0.009918160
75,0.009864663
76,0.009895741
77,0.009926263
78,0.008854198
79,0.049884905
80,0.009854535
81,0.018847369
82,0.048906149
83,0.049861368
84,0.009901888
85,0.019897432
86,0.039917227
87,0.019894569
88,0.030883746
89,0.008852662
90,0.059877517
91,0.049852428
92,0.059847275
93,0.059871789
94,0.019926138
95,0.048948962
96,0.009884148
97,0.008885417
98,0.009891272
99,0.019884162
