Test,Time
Read timed out!
1,0.008888351
2,0.028853390
3,0.019895896
4,0.049903902
5,0.019967903
6,0.009878281
7,0.028919041
8,0.049928905
9,0.059870463
10,0.059892602
11,0.019899877
12,0.049854315
13,0.029899822
14,0.019849242
15,0.019904766
16,0.009921233
17,0.019879064
18,0.009886663
19,0.059881358
20,0.039884681
21,0.048896092
22,0.059818780
23,0.059930736
24,0.028911218
25,0.049896918
26,0.059905174
27,0.019873756
28,0.048856073
29,0.058850011
30,0.009875208
31,0.029867206
32,0.059926266
33,0.049864791
34,0.029907784
35,0.068892630
36,0.059878215
37,0.059888412
38,0.019899947
39,0.029843111
40,0.008930535
41,0.059860754
42,0.059907898
43,0.059836520
44,0.059880590
45,0.059848253
46,0.039913735
47,0.059891345
48,0.019851058
49,0.009893088
50,0.058871872
51,0.049938124
52,0.009885964
53,0.059873885
54,0.048853280
55,0.019891496
56,0.039870503
57,0.060867796
58,0.008912586
59,0.049870238
60,0.059888761
61,0.018878728
62,0.059934368
63,0.059887225
64,0.019934728
65,0.039953125
66,0.059877936
67,0.059843015
68,0.018902054
69,0.048847413
70,0.059881288
71,0.059907339
72,0.019916011
73,0.005486731
74,0.029849326
75,0.049879877
76,0.029912882
77,0.039845709
78,0.049879947
79,0.019868169
80,0.009926332
81,0.050870715
82,0.058927466
83,0.059892044
84,0.019877108
85,0.059858939
86,0.028859745
87,0.018851490
88,0.059892463
89,0.039871062
90,0.049923876
91,0.049903762
92,0.059836380
93,0.059915231
94,0.008880598
95,0.029903873
96,0.059875980
97,0.018888645
98,0.029900590
99,0.058897783
